email,password
perf_user_001@example.com,perfPassword1!
perf_user_002@example.com,perfPassword1!
perf_user_003@example.com,perfPassword1!
perf_user_004@example.com,perfPassword1!
perf_user_005@example.com,perfPassword1!
perf_user_006@example.com,perfPassword1!
perf_user_007@example.com,perfPassword1!
perf_user_008@example.com,perfPassword1!
perf_user_009@example.com,perfPassword1!
perf_user_010@example.com,perfPassword1!
perf_user_011@example.com,perfPassword1!
perf_user_012@example.com,perfPassword1!
perf_user_013@example.com,perfPassword1!
perf_user_014@example.com,perfPassword1!
perf_user_015@example.com,perfPassword1!
perf_user_016@example.com,perfPassword1!
perf_user_017@example.com,perfPassword1!
perf_user_018@example.com,perfPassword1!
perf_user_019@example.com,perfPassword1!
perf_user_020@example.com,perfPassword1!
perf_user_021@example.com,perfPassword1!
perf_user_022@example.com,perfPassword1!
perf_user_023@example.com,perfPassword1!
perf_user_024@example.com,perfPassword1!
perf_user_025@example.com,perfPassword1!
perf_user_026@example.com,perfPassword1!
perf_user_027@example.com,perfPassword1!
perf_user_028@example.com,perfPassword1!
perf_user_029@example.com,perfPassword1!
perf_user_030@example.com,perfPassword1!
perf_user_031@example.com,perfPassword1!
perf_user_032@example.com,perfPassword1!
perf_user_033@example.com,perfPassword1!
perf_user_034@example.com,perfPassword1!
perf_user_035@example.com,perfPassword1!
perf_user_036@example.com,perfPassword1!
perf_user_037@example.com,perfPassword1!
perf_user_038@example.com,perfPassword1!
perf_user_039@example.com,perfPassword1!
perf_user_040@example.com,perfPassword1!
perf_user_041@example.com,perfPassword1!
perf_user_042@example.com,perfPassword1!
perf_user_043@example.com,perfPassword1!
perf_user_044@example.com,perfPassword1!
perf_user_045@example.com,perfPassword1!
perf_user_046@example.com,perfPassword1!
perf_user_047@example.com,perfPassword1!
perf_user_048@example.com,perfPassword1!
perf_user_049@example.com,perfPassword1!
perf_user_050@example.com,perfPassword1!
perf_user_051@example.com,perfPassword1!
perf_user_052@example.com,perfPassword1!
perf_user_053@example.com,perfPassword1!
perf_user_054@example.com,perfPassword1!
perf_user_055@example.com,perfPassword1!
perf_user_056@example.com,perfPassword1!
perf_user_057@example.com,perfPassword1!
perf_user_058@example.com,perfPassword1!
perf_user_059@example.com,perfPassword1!
perf_user_060@example.com,perfPassword1!
perf_user_061@example.com,perfPassword1!
perf_user_062@example.com,perfPassword1!
perf_user_063@example.com,perfPassword1!
perf_user_064@example.com,perfPassword1!
perf_user_065@example.com,perfPassword1!
perf_user_066@example.com,perfPassword1!
perf_user_067@example.com,perfPassword1!
perf_user_068@example.com,perfPassword1!
perf_user_069@example.com,perfPassword1!
perf_user_070@example.com,perfPassword1!
perf_user_071@example.com,perfPassword1!
perf_user_072@example.com,perfPassword1!
perf_user_073@example.com,perfPassword1!
perf_user_074@example.com,perfPassword1!
perf_user_075@example.com,perfPassword1!
perf_user_076@example.com,perfPassword1!
perf_user_077@example.com,perfPassword1!
perf_user_078@example.com,perfPassword1!
perf_user_079@example.com,perfPassword1!
perf_user_080@example.com,perfPassword1!
perf_user_081@example.com,perfPassword1!
perf_user_082@example.com,perfPassword1!
perf_user_083@example.com,perfPassword1!
perf_user_084@example.com,perfPassword1!
perf_user_085@example.com,perfPassword1!
perf_user_086@example.com,perfPassword1!
perf_user_087@example.com,perfPassword1!
perf_user_088@example.com,perfPassword1!
perf_user_089@example.com,perfPassword1!
perf_user_090@example.com,perfPassword1!
perf_user_091@example.com,perfPassword1!
perf_user_092@example.com,perfPassword1!
perf_user_093@example.com,perfPassword1!
perf_user_094@example.com,perfPassword1!
perf_user_095@example.com,perfPassword1!
perf_user_096@example.com,perfPassword1!
perf_user_097@example.com,perfPassword1!
perf_user_098@example.com,perfPassword1!
perf_user_099@example.com,perfPassword1!
perf_user_100@example.com,perfPassword1!
